,City,Cloudiness,Country,Date,Humidity,Temperature,Latitude,Longitude,Wind Speed
0,Punta Arenas,0,CL,1612552202,38,59.0,-53.15,-70.9167,28.77
1,Naryan-Mar,57,RU,1612552438,89,-12.53,67.6713,53.087,11.54
2,Coquimbo,20,CL,1612552375,72,66.2,-29.9533,-71.3436,13.8
3,Faanui,9,PF,1612552440,66,81.18,-16.4833,-151.75,6.24
4,New Norfolk,100,AU,1612552441,92,64.99,-42.7826,147.0587,3.44
5,Tahe,77,CN,1612552442,84,-15.34,52.3333,124.7333,4.41
6,Longyearbyen,75,SJ,1612552266,86,19.4,78.2186,15.6401,2.3
7,Port Alfred,100,ZA,1612552257,94,69.01,-33.5906,26.891,4.0
8,Nyurba,60,RU,1612552445,80,-41.04,63.2842,118.3319,3.13
9,Thompson,75,CA,1612552446,70,-14.8,55.7435,-97.8558,14.97
10,Pisco,0,PE,1612552448,69,75.2,-13.7,-76.2167,11.5
11,Lüderitz,0,NA,1612552449,50,73.81,-26.6481,15.1594,25.97
12,Ikom,83,NG,1612552450,19,84.52,5.9667,8.7063,2.15
13,Olafsvik,94,IS,1612552451,81,38.19,64.8945,-23.7142,31.47
14,Jamestown,75,US,1612552452,63,28.99,42.097,-79.2353,19.57
15,Husavik,0,IS,1612552272,68,26.6,66.0449,-17.3389,5.75
16,Kushiro,100,JP,1612552454,93,25.32,42.975,144.3747,5.28
17,Avarua,93,CK,1612552455,74,82.4,-21.2078,-159.775,5.75
18,Rikitea,0,PF,1612552243,69,78.8,-23.1203,-134.9692,10.65
19,Mataura,13,NZ,1612552458,90,50.5,-46.1927,168.8643,1.54
20,Lompoc,1,US,1612552459,47,63.0,34.6391,-120.4579,3.44
21,Kâhta,0,TR,1612552460,65,42.8,37.7855,38.6237,9.22
22,Barrow,75,US,1612552461,76,-14.8,71.2906,-156.7887,8.05
23,Bagan,100,RU,1612552462,99,27.21,54.1001,77.6646,5.03
24,Hermanus,11,ZA,1612552463,80,71.01,-34.4187,19.2345,3.0
25,Bluff,0,NZ,1612552465,86,52.9,-46.6,168.3333,4.88
26,Albany,81,US,1612552466,57,42.01,42.6001,-73.9662,6.02
27,Hilo,75,US,1612552467,60,70.0,19.7297,-155.09,4.61
28,Necochea,0,AR,1612552468,22,84.72,-38.5473,-58.7368,7.47
29,Yarim,32,YE,1612552469,51,51.53,14.298,44.3779,0.96
30,Bethel,90,US,1612552470,81,41.0,41.3712,-73.414,8.05
31,Byron Bay,40,AU,1612552471,94,69.8,-28.65,153.6167,4.61
32,Palana,0,RU,1612552473,92,-5.13,59.1167,159.9667,4.21
33,George Town,20,MY,1612552228,83,82.4,5.4112,100.3354,3.94
34,Loncoche,0,CL,1612552475,47,82.4,-39.3667,-72.6333,12.66
35,Alofi,100,NU,1612552317,94,75.2,-19.0595,-169.9187,10.36
36,Lebu,9,CL,1612552262,67,66.27,-37.6167,-73.65,13.82
37,Novouzensk,100,RU,1612552478,97,35.78,50.4592,48.1431,8.61
38,Poum,0,NC,1612552479,76,79.27,-20.2333,164.0167,6.67
39,Tuktoyaktuk,75,CA,1612552480,68,-27.4,69.4541,-133.0374,10.36
40,Sakakah,20,SA,1612552482,71,55.4,29.9697,40.2064,3.44
41,Porbandar,0,IN,1612552483,37,68.5,21.6422,69.6093,16.4
42,Williston,99,US,1612552278,70,6.01,48.147,-103.618,5.99
43,Ushuaia,75,AR,1612552485,62,50.0,-54.8,-68.3,27.63
44,Leningradskiy,100,RU,1612552486,87,-12.14,69.3833,178.4167,8.23
45,Manggar,40,ID,1612552487,84,79.5,-2.8833,108.2667,13.65
46,Nilakkottai,0,IN,1612552488,76,69.6,10.1648,77.8529,1.61
47,Yellowknife,1,CA,1612552397,67,-31.0,62.456,-114.3525,9.22
48,Glace Bay,40,CA,1612552490,70,39.99,46.1969,-59.957,13.8
49,Coyhaique,0,CL,1612552492,34,84.2,-45.5752,-72.0662,6.91
50,San Bartolomé de Tirajana,75,ES,1612552493,67,61.0,27.9248,-15.5733,13.8
51,Russell,20,US,1612552494,38,57.2,32.3502,-85.1999,11.5
52,Norman Wells,75,CA,1612552495,75,-27.4,65.282,-126.8329,14.97
53,Pahrump,0,US,1612552458,24,60.01,36.2083,-115.9839,6.11
54,Port Elizabeth,90,ZA,1612552497,88,71.6,-33.918,25.5701,11.5
55,Gunjur,0,GM,1612552498,68,73.4,13.2019,-16.7339,10.36
56,Mitsamiouli,20,KM,1612552499,89,78.8,-11.3847,43.2844,5.75
57,Khovd,49,MN,1612552501,89,13.51,48.0056,91.6419,1.01
58,San Patricio,90,US,1612552502,55,63.0,28.017,-97.5169,13.8
59,Paraná,0,AR,1612552504,29,91.0,-31.732,-60.5238,4.07
60,Inyonga,99,TZ,1612552505,92,67.21,-6.7167,32.0667,2.46
61,Cidreira,35,BR,1612552507,64,73.56,-30.1811,-50.2056,19.37
62,Brookings,75,US,1612552508,72,10.99,44.3114,-96.7984,18.41
63,Castro,0,BR,1612552375,53,75.56,-24.7911,-50.0119,6.42
64,Praia da Vitória,75,PT,1612552510,77,57.2,38.7333,-27.0667,14.74
65,Ilulissat,1,GL,1612552512,40,8.6,69.2167,-51.1,16.11
66,Vaitape,4,PF,1612552513,66,81.23,-16.5167,-151.75,5.95
67,Cape Town,0,ZA,1612552503,83,71.01,-33.9258,18.4232,18.41
68,Guarapari,75,BR,1612552515,74,89.01,-20.6667,-40.4975,18.41
69,Ponta do Sol,37,PT,1612552516,66,52.0,32.6667,-17.1,4.0
70,North Port,0,US,1612552493,52,73.99,27.0442,-82.2359,5.99
71,Hobart,90,AU,1612552519,94,64.99,-42.8794,147.3294,5.75
72,Neiafu,75,TO,1612552520,89,78.8,-18.65,-173.9833,8.05
73,Sambava,59,MG,1612552521,80,78.76,-14.2667,50.1667,3.67
74,Qaanaaq,100,GL,1612552522,74,-9.67,77.484,-69.3632,7.09
75,Kaitangata,95,NZ,1612552523,86,51.01,-46.2817,169.8464,3.0
76,Vaini,40,TO,1612552247,100,77.0,-21.2,-175.2,1.14
77,Nikolskoye,75,RU,1612552526,78,10.99,59.7035,30.7861,11.18
78,Dongfeng,99,CN,1612552527,96,18.5,42.6403,125.5118,3.42
79,Kavieng,100,PG,1612552528,79,80.58,-2.5744,150.7967,11.5
80,Ürümqi,0,CN,1612552335,92,10.4,43.801,87.6005,0.54
81,Riyadh,0,SA,1612552522,17,71.6,24.6877,46.7219,9.22
82,Abu Samrah,0,SY,1612552531,82,51.19,35.3029,37.1841,4.29
83,Avera,75,US,1612552286,88,57.2,33.194,-82.5271,9.22
84,Santa Cruz de Tenerife,90,ES,1612552470,93,55.99,28.4682,-16.2546,19.57
85,Tuatapere,98,NZ,1612552535,87,54.72,-46.1333,167.6833,2.21
86,Preobrazhenka,40,UA,1612552536,80,23.0,47.5719,35.8167,8.95
87,Anadyr,0,RU,1612552537,78,-2.2,64.75,177.4833,20.13
88,Hasaki,75,JP,1612552538,87,37.4,35.7333,140.8333,5.75
89,Cabedelo,0,BR,1612552539,58,86.0,-6.9811,-34.8339,10.36
90,Ambanja,78,MG,1612552540,87,76.21,-13.6833,48.45,3.02
91,Puerto Ayora,40,EC,1612552542,66,86.0,-0.7393,-90.3518,17.27
92,Bambous Virieux,40,MU,1612552543,78,80.6,-20.3428,57.7575,8.05
93,Zabul Province,0,AF,1612552544,71,36.91,32.25,67.25,6.87
94,Busselton,100,AU,1612552545,75,59.0,-33.65,115.3333,1.99
95,Bredasdorp,30,ZA,1612552546,83,68.0,-34.5322,20.0403,2.3
96,Linxia Chengguanzhen,6,CN,1612552547,71,28.96,35.6003,103.2064,0.87
97,Kavaratti,0,IN,1612552548,78,80.69,10.5669,72.642,12.8
98,Grindavik,75,IS,1612552550,81,37.4,63.8424,-22.4338,18.41
99,Atuona,14,PF,1612552551,80,79.47,-9.8,-139.0333,18.05
100,San Luis,0,AR,1612552552,23,85.73,-33.295,-66.3356,3.6
101,Namatanai,100,PG,1612552553,89,77.99,-3.6667,152.4333,11.56
102,Lorengau,100,PG,1612552554,77,79.97,-2.0226,147.2712,0.6
103,Tasiilaq,75,GL,1612552556,63,21.2,65.6145,-37.6368,5.75
104,Kapaa,75,US,1612552257,68,66.2,22.0752,-159.319,4.61
105,Cartagena,40,CO,1612552519,74,86.0,10.3997,-75.5144,11.5
106,Bandarbeyla,5,SO,1612552559,70,74.46,9.4942,50.8122,11.95
107,Qasigiannguit,1,GL,1612552560,40,8.6,68.8193,-51.1922,16.11
108,Yangi Marg`ilon,100,UZ,1612552561,36,42.8,40.4272,71.7189,6.91
109,Tigil',68,RU,1612552526,88,-7.83,57.8,158.6667,3.15
110,Muli,30,MV,1612552563,75,81.36,2.9167,73.5667,12.12
111,Geraldton,40,AU,1612552535,94,62.6,-28.7667,114.6,11.5
112,Vardø,75,NO,1612552566,93,26.6,70.3705,31.1107,12.66
113,Mossamedes,73,AO,1612552567,77,72.48,-15.1961,12.1522,6.85
114,Airai,100,TL,1612552568,100,61.43,-8.9266,125.4092,3.31
115,Brewster,90,US,1612552569,81,39.0,41.3973,-73.6171,6.91
116,Hithadhoo,100,MV,1612552528,77,82.69,-0.6,73.0833,12.91
117,Carutapera,35,BR,1612552571,59,84.87,-1.195,-46.02,9.73
118,Codrington,3,AU,1612552572,89,53.56,-38.2667,141.9667,11.43
119,Saskylakh,93,RU,1612552574,85,-24.34,71.9167,114.0833,8.25
120,Mandalgovi,100,MN,1612552575,88,13.91,45.7625,106.2708,11.92
121,Saint-Philippe,20,RE,1612552535,61,80.6,-21.3585,55.7679,4.61
122,Steamboat Springs,90,US,1612552357,86,23.0,40.485,-106.8317,9.66
123,Narsaq,1,GL,1612552562,35,21.2,60.9167,-46.05,2.82
124,Aquiraz,40,BR,1612552579,70,84.2,-3.9014,-38.3911,17.27
125,Tonbridge,47,GB,1612552580,93,45.0,51.1924,0.2753,7.4
126,Carnarvon,90,AU,1612552581,79,80.6,-24.8667,113.6333,23.02
127,Tarare,69,FR,1612552582,94,48.99,45.8976,4.4327,2.1
128,Puerto del Rosario,40,ES,1612552584,67,59.0,28.5004,-13.8627,8.05
129,Richards Bay,98,ZA,1612552585,92,75.2,-28.783,32.0377,1.68
130,Hay River,100,CA,1612552530,68,-25.6,60.8156,-115.7999,12.66
131,Berëzovka,93,BY,1612552587,97,14.05,53.7214,25.4993,5.21
132,Kununurra,75,AU,1612552588,100,77.0,-15.7667,128.7333,4.61
133,Bairiki Village,75,KI,1612552589,83,78.8,1.3292,172.9752,4.61
134,Lagoa,100,PT,1612552590,84,57.58,39.05,-27.9833,18.72
135,Dikson,3,RU,1612552535,84,-33.23,73.5069,80.5464,10.29
136,Deyang,0,CN,1612552592,66,46.0,31.1302,104.382,1.01
137,Mar del Plata,0,AR,1612552500,46,75.2,-38.0023,-57.5575,6.91
138,Haines Junction,100,CA,1612552323,63,-20.2,60.7522,-137.5108,1.36
139,Mahébourg,40,MU,1612552577,78,80.6,-20.4081,57.7,8.05
140,Hare Bay,100,CA,1612552597,93,39.2,48.8499,-54.0148,4.61
141,Warrington,40,GB,1612552598,87,46.0,53.3925,-2.5802,9.22
142,Pachino,100,IT,1612552599,76,51.8,36.7186,15.0907,6.91
143,Yar-Sale,100,RU,1612552600,87,-22.43,66.8333,70.8333,6.89
144,Coahuayana Viejo,1,MX,1612552579,61,78.8,18.7333,-103.6833,7.2
145,Cap Malheureux,0,MU,1612552603,84,75.99,-19.9842,57.6142,1.01
146,Cesvaine,60,LV,1612552604,95,3.76,56.9667,26.3167,5.35
147,Barra de Tecoanapa,37,MX,1612552605,66,81.75,16.5167,-98.75,9.6
148,Arraial do Cabo,0,BR,1612552606,74,86.0,-22.9661,-42.0278,8.05
149,Uvat,100,RU,1612552607,98,27.14,59.1433,68.8953,7.47
150,Eucaliptus,40,BO,1612552609,35,69.8,-17.5833,-67.5167,5.75
151,Nolinsk,100,RU,1612552610,97,22.35,57.5596,49.9363,12.62
152,Henderson,1,US,1612552412,19,57.99,36.0397,-114.9819,6.91
153,Matara,94,LK,1612552612,83,75.43,5.9485,80.5353,7.34
154,Vung Tau,89,VN,1612552613,81,75.25,10.346,107.0843,15.14
155,Beloha,7,MG,1612552614,89,76.87,-25.1667,45.05,1.39
156,Laas,0,IT,1612552615,86,39.0,46.6166,10.7002,2.73
157,Flinders,100,AU,1612552617,85,73.0,-34.5833,150.8552,3.0
158,Porto-Novo,20,BJ,1612552618,79,86.0,6.4965,2.6036,11.5
159,Koulikoro,100,ML,1612552619,17,76.64,14.0,-7.75,1.54
160,Esperance,75,AU,1612552620,94,57.2,-33.8667,121.9,4.61
161,Yurginskoye,100,RU,1612552621,98,34.16,56.8189,67.3921,9.37
162,Kysyl-Syr,25,RU,1612552622,78,-42.41,63.8986,122.7617,4.7
163,Mamakan,100,RU,1612552623,86,-0.87,57.8161,114.0028,3.0
164,Coruripe,40,BR,1612552624,68,83.12,-10.1256,-36.1756,19.24
165,Saint-Augustin,100,CA,1612552626,96,32.77,51.226,-58.6502,16.78
166,Butaritari,98,KI,1612552527,83,80.87,3.0707,172.7902,14.72
167,Hong Kong,0,HK,1612552507,77,64.99,22.2855,114.1577,5.14
168,Vila,100,PT,1612552629,93,46.0,42.0304,-8.1588,6.06
169,Pacific Grove,1,US,1612552575,54,60.01,36.6177,-121.9166,4.61
170,Krasnoznamensk,75,RU,1612552631,72,12.2,55.5994,37.0386,13.42
171,Kruisfontein,5,ZA,1612552628,79,73.0,-34.0033,24.7314,4.0
172,Laguna,1,US,1612552633,58,57.0,38.421,-121.4238,3.44
173,Bayir,5,TR,1612552634,93,51.8,37.2687,28.2167,5.75
174,Omsukchan,85,RU,1612552636,83,-25.4,62.5333,155.8,2.48
175,Mariental,19,NA,1612552637,29,86.13,-24.6333,17.9667,9.31
176,Siavonga,100,ZM,1612552638,81,78.21,-16.5382,28.7088,3.85
177,Vila Velha,75,BR,1612552551,74,89.01,-20.3297,-40.2925,18.41
178,Aswān,0,EG,1612552640,41,63.68,24.0934,32.907,14.41
179,Namalenga,91,TZ,1612552641,95,73.69,-10.95,39.1,3.94
180,Umarkot,0,PK,1612552642,29,61.54,25.3616,69.7362,6.11
181,Margate,0,GB,1612552563,85,46.99,51.3813,1.3862,3.0
182,Berlevåg,75,NO,1612552645,59,30.2,70.8578,29.0864,27.63
183,Tiksi,100,RU,1612552646,88,-19.75,71.6872,128.8694,13.35
184,Touros,0,BR,1612552528,51,86.0,-5.1989,-35.4608,14.97
185,Oddur,0,SO,1612552648,29,79.16,4.1213,43.8894,10.31
186,Parva,100,RO,1612552649,85,35.01,47.4,24.55,2.35
187,Batemans Bay,100,AU,1612552650,91,71.01,-35.7167,150.1833,14.0
188,Falun,90,SE,1612552651,92,15.8,60.6036,15.626,8.05
189,Saint-Louis,0,SN,1612552653,41,80.6,16.3333,-15.0,2.3
190,Bhatkal,0,IN,1612552484,68,75.56,13.9667,74.5667,5.61
191,Chokurdakh,100,RU,1612552595,88,-13.09,70.6333,147.9167,13.51
192,Pocatello,75,US,1612552656,75,35.6,42.8713,-112.4455,20.71
193,Khatanga,13,RU,1612552657,79,-31.54,71.9667,102.5,7.99
194,Talas,0,TR,1612552658,80,32.0,38.6908,35.5538,2.3
195,Port Hawkesbury,90,CA,1612552659,100,37.99,45.6169,-61.3485,6.91
196,Aklavik,20,CA,1612552648,67,-34.6,68.2191,-135.0107,3.44
197,Bara,0,NG,1612552662,19,80.58,10.3744,10.7288,11.45
198,Chiang Klang,0,TH,1612552663,62,69.48,19.2938,100.8617,1.28
199,Kjøpsvik,20,NO,1612552664,92,30.0,68.097,16.3742,1.14
200,Shar,100,KZ,1612552665,94,22.73,49.5886,81.0453,8.57
201,Elizabeth City,90,US,1612552468,93,48.99,36.2946,-76.2511,12.66
202,Kahului,20,US,1612552510,73,69.8,20.8947,-156.47,3.44
203,Saint Anthony,75,US,1612552546,61,10.99,45.0205,-93.218,20.71
204,Uyskoye,100,RU,1612552670,94,34.23,54.3775,60.0047,11.95
205,Fairbanks,75,US,1612552568,69,-18.4,64.8378,-147.7164,3.24
206,Kokologo,0,BF,1612552672,16,86.0,12.1897,-1.8856,4.61
207,Nizhniy Chir,100,RU,1612552673,92,26.47,48.3597,43.0865,22.97
208,Finschhafen,100,PG,1612552649,81,80.26,-6.6024,147.8681,6.82
209,Sainte-Marie,0,RE,1612552675,61,77.0,-20.8968,55.5496,10.36
210,Mchinji,45,MW,1612552394,96,66.88,-13.7984,32.8802,2.77
211,Severo-Kuril'sk,49,RU,1612552677,84,11.59,50.6789,156.125,7.94
212,Requena,100,ES,1612552679,84,55.0,39.4883,-1.1004,8.12
213,São Filipe,48,CV,1612552585,74,71.35,14.8961,-24.4956,15.23
214,Petropavlovsk-Kamchatskiy,100,RU,1612552681,71,-7.6,53.0452,158.6483,8.95
215,Malbork,92,PL,1612552682,84,21.0,54.0359,19.0266,3.85
216,Vao,0,NC,1612552683,86,78.03,-22.6667,167.4833,13.82
217,Puerto Escondido,40,MX,1612552684,66,86.0,15.85,-97.0667,6.91
218,Provideniya,100,RU,1612552686,90,6.6,64.3833,-173.3,17.74
219,Krasnosel'kup,60,RU,1612552587,85,-30.51,65.7,82.4667,4.97
220,Burriana,100,ES,1612552688,81,55.0,39.889,-0.085,9.69
221,Ostrovnoy,100,RU,1612552597,92,11.73,68.0531,39.5131,12.73
222,Isangel,20,VU,1612552581,94,75.2,-19.55,169.2667,1.25
223,Kīhei,20,US,1612552517,73,69.8,20.785,-156.4656,3.44
224,Souillac,40,MU,1612552693,78,80.6,-20.5167,57.5167,8.05
225,Ambulu,97,ID,1612552694,88,76.32,-8.345,113.6058,2.57
226,Paka,92,MY,1612552695,89,78.8,4.6374,103.4368,4.61
227,Inverell,90,AU,1612552696,89,63.0,-29.7833,151.1167,2.28
228,Anchorage,90,US,1612552678,85,10.4,61.2181,-149.9003,3.44
229,Neuquén,0,AR,1612552698,15,98.6,-38.9516,-68.0591,5.75
230,Yamada,100,JP,1612552699,84,37.81,39.4667,141.95,8.61
231,Santa Maria,75,BR,1612552701,53,75.2,-29.6842,-53.8069,6.91
232,Ocampo,0,MX,1612552702,16,75.11,21.65,-101.5,16.69
233,Te Anau,79,NZ,1612552703,89,55.53,-45.4167,167.7167,0.81
234,Kaiwaka,100,NZ,1612552704,96,66.0,-36.1667,174.45,1.99
235,Maués,8,BR,1612552705,47,93.56,-3.3836,-57.7186,5.26
236,Tromsø,75,NO,1612552518,86,28.4,69.6496,18.957,19.57
237,Salalah,40,OM,1612552707,68,73.4,17.0151,54.0924,8.05
238,Karratha,8,AU,1612552708,78,79.88,-20.7377,116.8463,12.21
239,Sungai Penuh,100,ID,1612552710,94,64.31,-2.0833,101.3833,3.53
240,Caramay,100,PH,1612552711,86,77.59,10.1815,119.236,6.58
241,Mehamn,75,NO,1612552712,59,32.0,71.0357,27.8492,27.63
242,Dingle,100,PH,1612552596,90,74.73,10.9995,122.6711,6.53
243,Metro,100,ID,1612552714,94,74.12,-5.1131,105.3067,7.02
244,Glenwood Springs,90,US,1612552715,85,26.01,39.5505,-107.3248,12.66
245,Severomuysk,83,RU,1612552716,89,-19.32,56.1481,113.4267,4.43
246,Upernavik,100,GL,1612552717,75,6.24,72.7868,-56.1549,2.57
247,Rio Grande,75,BR,1612552472,60,73.4,-32.035,-52.0986,21.85
248,Amahai,100,ID,1612552523,79,79.02,-3.3333,128.9167,5.26
249,Pāliyād,0,IN,1612552721,37,62.76,22.25,71.5667,11.61
250,Nālūt,100,LY,1612552722,28,63.54,30.3333,10.85,12.73
251,Skjervøy,75,NO,1612552520,80,32.0,70.0311,20.9714,23.02
252,Caravelas,100,BR,1612552656,72,83.03,-17.7125,-39.2481,15.5
253,Daru,99,PG,1612552725,83,79.23,-9.0763,143.2092,10.09
254,Lavrentiya,100,RU,1612552576,92,2.28,65.5833,-171.0,16.31
255,Creel,0,MX,1612552728,26,61.59,27.75,-107.6333,8.81
256,Comodoro Rivadavia,0,AR,1612552729,52,66.2,-45.8667,-67.5,12.66
257,Artyom,98,AZ,1612552730,82,47.66,40.4723,50.333,20.02
258,Aksu,84,CN,1612552522,85,26.28,41.1231,80.2644,3.18
259,Zhigansk,67,RU,1612552707,75,-41.55,66.7697,123.3711,3.67
260,Kousséri,0,CM,1612552733,12,78.8,12.0769,15.0306,6.91
261,Jalu,0,LY,1612552734,54,57.74,29.0331,21.5482,4.61
262,Tessalit,30,ML,1612552527,15,77.95,20.1986,1.0114,11.52
263,Mezen',25,RU,1612552737,88,-7.55,65.8522,44.24,11.16
264,Pangody,100,RU,1612552738,87,-18.17,65.85,74.4859,5.08
265,Cabo San Lucas,20,MX,1612552657,31,84.0,22.8909,-109.9124,4.61
266,Pontes e Lacerda,83,BR,1612552740,61,86.56,-15.2261,-59.3353,5.28
267,Tonantins,100,BR,1612552741,89,80.74,-2.8731,-67.8022,3.87
268,Umba,99,RU,1612552742,95,8.17,66.6871,34.3429,5.84
269,Chālūs,75,IR,1612552743,82,57.2,36.655,51.4204,4.61
270,Arecibo,10,PR,1612552745,70,84.99,18.4724,-66.7157,5.99
271,Umluj,15,SA,1612552746,68,67.86,25.0213,37.2685,16.2
272,Talnakh,93,RU,1612552674,84,-26.23,69.4865,88.3972,4.76
273,Makueni Boma,0,KE,1612552748,76,66.24,-1.8041,37.6203,2.59
274,San Jacinto,0,US,1612552749,37,64.99,33.7839,-116.9586,3.76
275,Macusani,69,PE,1612552750,64,49.87,-14.0833,-70.4333,6.17
276,Vagay,100,RU,1612552751,99,33.76,57.9375,69.0217,5.97
277,Deleni,75,RO,1612552752,93,34.0,47.4667,26.8833,3.44
278,Nouadhibou,0,MR,1612552754,72,66.2,20.931,-17.0347,12.66
279,Yishui,0,CN,1612552755,66,40.6,35.7847,118.6281,6.06
280,Tanout,0,NE,1612552756,20,70.07,14.9709,8.8879,13.15
281,Paragominas,4,BR,1612552757,47,90.72,-2.9667,-47.4833,4.56
282,East London,75,ZA,1612552758,100,69.8,-33.0153,27.9116,9.22
283,Simões,68,BR,1612552759,33,92.12,-7.5989,-40.8178,0.98
284,Eirunepé,99,BR,1612552760,96,74.82,-6.6603,-69.8736,3.29
285,Deputatsky,84,RU,1612552708,86,-31.97,69.3,139.9,0.29
286,Kot Addu,0,PK,1612552763,77,59.0,30.4692,70.9671,2.48
287,Ribeira Grande,75,PT,1612552760,72,59.0,38.5167,-28.7,12.66
288,Saint George,1,US,1612552710,33,50.0,37.1041,-113.5841,3.27
289,Suining,0,CN,1612552766,76,49.96,30.508,105.5733,1.79
290,Mountain Home,90,US,1612552767,70,42.8,43.133,-115.6912,12.66
291,Kudahuvadhoo,100,MV,1612552768,75,81.36,2.6708,72.8944,11.68
292,Gouré,0,NE,1612552769,13,75.99,13.9835,10.2704,5.99
293,Birjand,0,IR,1612552770,20,37.4,32.8663,59.2211,6.91
294,Piaçabuçu,89,BR,1612552771,66,83.62,-10.4056,-36.4344,17.31
295,Maniitsoq,95,GL,1612552724,73,15.3,65.4167,-52.9,5.14
296,Ruthin,75,GB,1612552774,87,42.8,53.1137,-3.3178,5.75
297,Morón,0,AR,1612552553,31,86.0,-34.6534,-58.6198,3.0
298,Kendari,58,ID,1612552584,91,75.52,-3.945,122.4989,3.18
299,Korla,0,CN,1612552777,83,27.03,41.7597,86.1469,2.66
300,Belaya Gora,100,RU,1612552778,89,-17.46,68.5333,146.4167,6.89
301,Pimenta Bueno,65,BR,1612552779,72,86.54,-11.6725,-61.1936,1.92
302,Fare,1,PF,1612552780,68,80.82,-16.7,-151.0167,5.86
303,Andrelândia,100,BR,1612552782,86,75.02,-21.7397,-44.3092,5.21
304,Cherskiy,0,RU,1612552783,77,-13.95,68.75,161.3,4.88
305,Clyde River,75,CA,1612552523,76,-16.6,70.4692,-68.5914,12.66
306,Doha,0,QA,1612552691,83,68.0,25.2867,51.5333,5.75
307,Alyangula,90,AU,1612552786,94,78.8,-13.8483,136.4192,10.36
308,Karlskrona,0,SE,1612552539,92,14.0,56.1616,15.5866,9.22
309,Fortuna,90,US,1612552788,93,52.0,40.5982,-124.1573,5.14
310,Pandan,100,PH,1612552771,87,78.21,14.0453,124.1694,9.95
311,Dakar,0,SN,1612552769,77,66.2,14.6937,-17.4441,17.27
312,Dolores,0,AR,1612552792,23,85.57,-36.3132,-57.6792,6.24
313,Phan Thiet,2,VN,1612552793,82,71.29,10.9333,108.1,6.91
314,Makushino,100,RU,1612552794,99,34.14,55.2103,67.2442,9.35
315,Sørland,75,NO,1612552709,70,37.4,67.667,12.6934,11.5
316,Tselinnoye,100,RU,1612552796,98,23.45,53.0833,85.6667,5.86
317,Porto Santo,20,PT,1612552797,67,57.2,33.072,-16.3415,20.71
318,Kuzovatovo,100,RU,1612552798,95,17.76,53.5468,47.6866,12.82
319,College,40,US,1612552799,63,-18.4,64.8569,-147.8028,8.05
320,Vangaindrano,100,MG,1612552801,83,79.25,-23.35,47.6,7.05
321,Torbay,75,CA,1612552806,87,41.0,47.6666,-52.7314,23.02
322,Luang Prabang,0,LA,1612552807,68,66.07,19.8856,102.1347,0.78
323,Benguela,20,AO,1612552808,77,76.03,-12.5763,13.4055,4.7
324,Tabory,100,RU,1612552809,97,34.27,58.5198,64.5495,8.55
325,Hemnesberget,0,NO,1612552810,85,12.0,66.2333,13.6333,2.3
326,Pajapan,1,MX,1612552554,37,89.6,18.25,-94.7,20.71
327,Thinadhoo,100,MV,1612552751,78,82.44,0.5333,72.9333,15.48
328,Gallup,1,US,1612552567,33,42.8,35.5281,-108.7426,14.97
329,Mnogovershinnyy,100,RU,1612552815,90,-15.02,53.9353,139.9242,4.32
330,Igualada,97,ES,1612552816,79,54.0,41.581,1.6172,4.43
331,Kalmunai,78,LK,1612552817,86,75.67,7.4167,81.8167,8.63
332,Torbat-e Jām,100,IR,1612552818,38,52.97,35.244,60.6225,6.2
333,Paamiut,0,GL,1612552819,78,21.07,61.994,-49.6678,9.71
334,Iwata,100,JP,1612552820,64,45.0,34.7,137.85,1.01
335,Villazón,100,BO,1612552822,30,68.38,-22.0866,-65.5942,10.04
336,Vawkavysk,54,BY,1612552687,97,13.12,53.1561,24.4513,7.36
337,Hermiston,1,US,1612552824,47,55.99,45.8404,-119.2895,18.41
338,Rūdbār,0,AF,1612552825,29,57.11,30.15,62.6,9.13
339,Cocorná,75,CO,1612552826,46,82.4,6.0573,-75.1852,9.22
340,Saint Paul Harbor,20,US,1612552530,74,30.2,57.79,-152.4072,2.66
341,Prado,100,BR,1612552828,74,82.67,-17.3411,-39.2208,18.5
342,Irauçuba,0,BR,1612552829,32,93.0,-3.7461,-39.7833,12.86
343,Yenagoa,0,NG,1612552657,75,81.97,4.9247,6.2642,8.93
344,Raja,79,SS,1612552832,19,75.42,8.4596,25.678,7.18
345,Puerto Madryn,0,AR,1612552588,40,80.4,-42.7692,-65.0385,24.92
346,San Javier,90,ES,1612552834,88,59.0,37.8063,-0.8374,11.5
347,Ahipara,100,NZ,1612552835,86,61.68,-35.1667,173.1667,3.87
348,Safford,1,US,1612552836,24,57.2,32.834,-109.7076,6.91
349,Terrace Bay,90,CA,1612552837,72,10.4,48.7834,-87.1,9.22
350,Pochutla,75,MX,1612552781,74,82.0,15.7432,-96.4661,12.66
351,Laureles,100,US,1612552839,82,68.0,26.1092,-97.4941,12.03
352,Casper,40,US,1612552588,55,32.0,42.8666,-106.3131,17.27
353,Buchanan,40,LR,1612552731,74,82.4,5.8808,-10.0467,5.75
354,Ushtobe,100,KZ,1612552843,87,30.63,45.2514,77.9838,2.89
355,Naze,50,JP,1612552790,76,60.67,28.3667,129.4833,11.79
356,Emirdağ,0,TR,1612552845,63,44.19,39.0197,31.15,2.3
357,Turukhansk,100,RU,1612552846,87,-25.06,65.8167,87.9833,5.53
358,Nanortalik,0,GL,1612552743,76,21.04,60.1432,-45.2371,2.46
359,Mahanje,3,TZ,1612552848,94,66.88,-9.9333,35.3333,3.65
360,Farafangana,100,MG,1612552850,83,80.15,-22.8167,47.8333,10.98
361,Columbus,90,US,1612552565,55,30.2,39.9612,-82.9988,19.57
362,Omboué,100,GA,1612552852,88,79.36,-1.5746,9.2618,7.2
363,Northam,10,GB,1612552853,90,42.01,51.0333,-4.2167,1.01
364,Ekhabi,100,RU,1612552854,89,-8.34,53.5102,142.9671,17.07
365,Esim,0,GH,1612552855,85,80.47,4.8699,-2.2405,8.14
366,Gamba,99,GA,1612552576,87,78.76,-2.65,10.0,5.19
367,Marsaxlokk,0,MT,1612552857,94,60.01,35.8419,14.5431,5.75
368,Lerwick,90,GB,1612552858,55,33.8,60.1545,-1.1494,21.85
369,Betioky,100,MG,1612552860,86,77.27,-23.7167,44.3833,3.47
370,Namie,100,JP,1612552861,67,36.0,37.4833,141.0,1.01
371,San Cristobal,40,VE,1612552862,51,86.0,7.7669,-72.225,17.27
372,Port Lincoln,100,AU,1612552863,78,63.52,-34.7333,135.8667,19.6
373,Kampot,20,KH,1612552864,94,73.4,10.6167,104.1833,2.3
374,Baykit,100,RU,1612552662,88,-0.9,61.67,96.37,3.22
375,Kharagauli,90,GE,1612552866,81,48.2,42.0214,43.1977,11.5
376,Port-Gentil,40,GA,1612552868,89,82.4,-0.7193,8.7815,6.91
377,Pevek,100,RU,1612552869,86,-15.54,69.7008,170.3133,1.61
378,Tabou,57,CI,1612552589,86,79.74,4.423,-7.3528,7.0
379,São João da Barra,0,BR,1612552871,61,84.2,-21.6403,-41.0511,16.11
380,Tambura,9,SS,1612552872,20,78.91,5.6,27.4667,6.49
381,Mount Gambier,75,AU,1612552873,100,53.6,-37.8333,140.7667,6.91
382,Kerema,98,PG,1612552767,69,80.13,-7.9631,145.7785,3.15
383,Beringovskiy,100,RU,1612552624,90,-4.94,63.05,179.3167,12.57
384,Camacha,20,PT,1612552877,67,57.2,33.0833,-16.3333,20.71
385,Honiara,29,SB,1612552610,82,77.29,-9.4333,159.95,2.98
386,Phalombe,86,MW,1612552871,88,70.75,-15.8064,35.6507,3.53
387,Kloulklubed,75,PW,1612552673,89,78.8,7.0419,134.2556,9.22
388,Shingū,99,JP,1612552691,71,46.04,33.7333,135.9833,4.54
389,Marawi,92,PH,1612552774,92,73.0,7.9986,124.2928,5.99
390,Lomovka,90,RU,1612552883,100,32.0,53.9194,58.3672,11.18
391,Devils Lake,90,US,1612552884,78,3.2,48.1128,-98.8651,16.11
392,Sitka,90,US,1612552886,93,35.6,57.0531,-135.33,4.61
393,Mapua,98,NZ,1612552887,75,55.0,-41.25,173.1,1.01
394,Pembroke,75,CA,1612552888,69,35.01,45.8168,-77.1162,11.5
395,Bundaberg,61,AU,1612552592,88,71.01,-24.85,152.35,5.75
396,Helong,36,CN,1612552890,93,22.68,42.5397,128.9972,5.26
397,Alvarães,75,BR,1612552891,94,78.8,-3.2208,-64.8042,6.91
398,Kenai,1,US,1612552793,78,7.0,60.5544,-151.2583,5.61
399,Belmonte,75,BR,1612552894,79,86.0,-15.8631,-38.8828,13.8
400,Sittwe,0,MM,1612552895,65,64.42,20.15,92.9,6.87
401,Abakaliki,22,NG,1612552896,14,86.18,6.3163,8.1169,1.77
402,Shache,0,CN,1612552897,81,29.89,38.4167,77.2406,2.51
403,Yulara,0,AU,1612552898,32,68.0,-25.2406,130.9889,9.22
404,Remontnoye,100,RU,1612552899,86,33.8,46.5614,43.6501,38.03
405,Lima,20,PE,1612552700,65,77.0,-12.0432,-77.0282,9.22
406,Trincomalee,3,LK,1612552901,79,77.68,8.5711,81.2335,9.95
407,São Félix do Xingu,92,BR,1612552903,81,83.32,-6.6447,-51.995,4.74
408,Turek,100,PL,1612552904,75,30.0,52.0155,18.5005,1.01
409,Sibolga,100,ID,1612552630,83,76.14,1.7427,98.7792,3.94
410,Port Blair,3,IN,1612552906,79,78.3,11.6667,92.75,6.8
411,Zhezkazgan,0,KZ,1612552907,97,20.34,47.8043,67.7144,4.5
412,Schifferstadt,75,DE,1612552908,100,46.99,49.3872,8.3747,2.01
413,Khandyga,100,RU,1612552762,81,-36.81,62.6667,135.6,0.83
414,Kaspiysk,90,RU,1612552910,87,48.2,42.8816,47.6392,11.18
415,Pāvugada,0,IN,1612552911,43,68.05,14.1,77.2667,9.19
416,Hurghada,0,EG,1612552913,45,68.0,27.2574,33.8129,13.8
417,Sur,0,OM,1612552914,67,64.67,22.5667,59.5289,3.89
418,Port Hardy,40,CA,1612552915,81,44.6,50.6996,-127.4199,8.05
419,Vanderbijlpark,100,ZA,1612552916,85,66.99,-26.7117,27.838,2.44
420,Wakkanai,100,JP,1612552790,96,25.21,45.4094,141.6739,3.4
421,Fukuechō,100,JP,1612552918,90,51.1,32.6881,128.8419,6.13
422,Colares,75,PT,1612552919,82,55.0,38.7992,-9.4469,17.27
423,Dubai,0,AE,1612552842,46,73.0,25.2582,55.3047,6.91
424,Saint-André-les-Vergers,100,FR,1612552922,93,48.2,48.2853,4.0521,5.75
425,Christchurch,100,NZ,1612552923,93,55.99,-43.5333,172.6333,5.75
426,Tiznit Province,9,MA,1612552924,62,53.94,29.5833,-9.5,12.08
427,Tucumã,63,BR,1612552925,68,85.78,-0.1833,-50.05,9.95
428,Chul'man,99,RU,1612552926,84,-25.46,56.8479,124.9104,3.62
429,Emilio Carranza,1,MX,1612552927,61,77.83,19.9711,-96.6114,3.71
430,Moose Factory,75,CA,1612552928,55,30.2,51.2585,-80.6094,10.36
431,Cláudio,44,BR,1612552929,79,78.93,-20.4433,-44.7658,6.89
432,Birao,74,CF,1612552769,17,78.98,10.2849,22.7882,10.49
433,Guerrero Negro,0,MX,1612552932,44,67.32,27.9769,-114.0611,12.3
434,Chilca,20,PE,1612552933,65,77.0,-12.5211,-76.7372,9.22
435,Chui,31,UY,1612552636,63,70.48,-33.6971,-53.4616,13.47
436,Kuching,40,MY,1612552639,94,77.0,1.55,110.3333,3.44
437,Sioux Lookout,90,CA,1612552882,65,-4.0,50.1001,-91.917,14.97
438,Vila Franca do Campo,40,PT,1612552937,67,57.0,37.7167,-25.4333,11.5
439,Katherine,40,AU,1612552938,100,73.4,-14.4667,132.2667,6.91
440,Bambanglipuro,100,ID,1612552735,87,76.05,-7.95,110.2833,3.58
441,Yaan,2,NG,1612552941,14,86.09,7.3833,8.5667,4.7
442,Chennai,0,IN,1612552830,78,71.6,13.0878,80.2785,10.16
443,The Valley,20,AI,1612552943,69,82.4,18.217,-63.0578,16.11
444,Coracora,85,PE,1612552944,61,61.03,-15.0333,-73.7833,9.57
445,Slavutych,0,UA,1612552945,94,16.97,51.5196,30.7343,8.01
446,Marsá Maţrūḩ,40,EG,1612552946,72,62.6,31.3525,27.2453,11.5
447,Saldanha,0,ZA,1612552947,77,66.2,-33.0117,17.9442,11.5
448,Sinnamary,72,GF,1612552948,83,78.84,5.3833,-52.95,13.87
449,Ayagoz,100,KZ,1612552830,92,18.14,47.9714,80.4392,6.24
450,Turochak,100,RU,1612552951,97,23.36,52.2576,87.1224,1.9
451,Nemuro,100,JP,1612552952,90,27.97,43.3236,145.575,13.2
452,Baghdad,90,IQ,1612552750,76,55.4,33.3406,44.4009,2.3
453,Ailigandí,100,PA,1612552954,73,82.56,9.2333,-78.0167,9.51
454,Bukama,93,CD,1612552955,80,74.97,-9.2,25.85,0.83
455,Paita,75,PE,1612552956,61,80.6,-5.0892,-81.1144,12.66
456,Willowmore,0,ZA,1612552957,64,72.0,-33.2926,23.4895,15.84
457,Manaia,66,NZ,1612552958,97,62.01,-39.55,174.1333,9.64
458,Carauari,100,BR,1612552775,92,80.73,-4.8828,-66.8958,4.47
459,Biharkeresztes,75,HU,1612552961,93,45.0,47.1333,21.7167,4.61
460,New Bern,90,US,1612552926,87,53.6,35.1085,-77.0441,13.8
461,Palmer,90,US,1612552963,81,39.99,42.1584,-72.3287,5.75
462,Iqaluit,75,CA,1612552741,79,21.2,63.7506,-68.5145,23.02
463,Panabá,0,MX,1612552965,51,85.48,21.2833,-88.2667,10.8
464,Orlik,6,RU,1612552966,79,-12.77,52.5178,99.825,3.11
465,San Felipe,68,VE,1612552967,69,82.53,10.3399,-68.7425,7.85
466,Uray,100,RU,1612552968,98,33.48,60.1247,64.7758,11.61
467,Dinguiraye,100,GN,1612552970,15,83.41,11.3,-10.7167,2.71
468,Makassar,40,ID,1612552971,94,75.2,-5.14,119.4221,2.3
469,Pavlodar,90,KZ,1612552960,93,30.2,52.3,76.95,2.24
470,Burnie,100,AU,1612552973,98,62.01,-41.0667,145.9167,9.42
471,Shimonoseki,75,JP,1612552974,81,46.4,33.95,130.95,6.91
472,Virginia Beach,100,US,1612552880,89,48.99,36.8529,-75.978,3.0
473,Rovaniemi,0,FI,1612552966,85,14.0,66.5,25.7167,10.36
474,Hamilton,90,US,1612552825,55,34.0,39.1834,-84.5333,16.11
475,Talara,75,PE,1612552978,61,80.6,-4.5772,-81.2719,12.66
476,Synya,92,RU,1612552980,91,-6.36,65.3718,58.0387,5.53
477,Togur,100,RU,1612552981,95,6.62,58.3631,82.8265,7.14
478,Molina,40,CL,1612552982,68,82.99,-35.1167,-71.2833,4.61
479,Miandrivazo,100,MG,1612552983,80,80.6,-19.5167,45.4667,0.43
480,Minsk,40,BY,1612552901,85,12.2,53.9,27.5667,11.18
481,Pangoa,98,PE,1612552985,92,76.89,-12.1167,-73.0,4.9
482,Ancud,0,CL,1612552986,30,84.2,-41.8697,-73.8203,9.22
483,Boa Vista,90,BR,1612552988,51,87.8,2.8197,-60.6733,14.97
484,Karpathos,100,GR,1612552989,88,59.0,35.507,27.2132,10.36
485,São Luís do Quitunde,0,BR,1612552990,62,86.0,-9.3183,-35.5611,17.27
486,Bahile,100,PH,1612552991,92,75.92,9.9995,118.7878,4.99
487,Bengkulu,72,ID,1612552992,85,76.48,-3.8004,102.2655,4.85
488,Srednekolymsk,0,RU,1612552993,85,-21.84,67.45,153.6833,7.07
489,Thanh Hoa,0,VN,1612552994,93,62.6,19.8,105.7667,0.36
490,Tautira,55,PF,1612552995,65,82.0,-17.7333,-149.15,1.99
491,Kailua,20,US,1612552814,64,69.8,21.4022,-157.7394,7.65
492,Huarmey,81,PE,1612552789,62,76.14,-10.0681,-78.1522,11.9
493,Arman',77,RU,1612552746,87,-5.78,59.7,150.1667,11.56
494,Qaqortoq,1,GL,1612553000,35,21.2,60.7167,-46.0333,1.63
495,Bahía Blanca,0,AR,1612553001,11,97.79,-38.7196,-62.2724,7.36
496,La Ronge,80,CA,1612552731,57,-20.2,55.1001,-105.2842,9.22
497,Zachary,90,US,1612553003,76,48.0,30.6485,-91.1565,4.61
498,Moindou,90,NC,1612553004,100,73.4,-21.6924,165.677,2.3
499,Whitehorse,20,CA,1612552811,70,-13.0,60.7161,-135.0538,0.87
500,Yelizovo,100,RU,1612552723,71,-7.6,53.1873,158.3805,8.95
501,Cayenne,90,GF,1612553008,83,80.6,4.9333,-52.3333,10.36
502,Hualmay,77,PE,1612553009,63,75.97,-11.0964,-77.6139,12.1
503,Ust-Tsilma,100,RU,1612553010,88,-11.79,65.441,52.1498,8.79
504,Guatire,40,VE,1612553011,70,89.6,10.4762,-66.5427,7.36
505,Berezniki,100,RU,1612553012,100,35.01,59.4152,56.8124,5.99
506,Katsuura,75,JP,1612553013,75,42.8,35.1333,140.3,11.5
507,Parkes,100,AU,1612553014,91,71.01,-33.1333,148.1833,1.99
508,Selvazzano Dentro,82,IT,1612553016,89,51.01,45.3914,11.8005,0.27
509,Banjar,40,ID,1612553017,94,78.8,-8.19,114.9675,5.75
510,Liverpool,40,GB,1612552760,87,44.6,53.4106,-2.9779,9.22
511,Broken Hill,0,AU,1612552749,63,62.6,-31.95,141.4333,10.36
512,Bathsheba,40,BB,1612553020,54,84.2,13.2167,-59.5167,23.02
513,Vincennes,0,FR,1612553021,81,51.01,48.85,2.4333,3.44
514,Shimoda,57,JP,1612553022,53,45.0,34.6667,138.95,5.01
515,Kiama,100,AU,1612553023,86,73.0,-34.6833,150.8667,13.0
516,Vilyuysk,0,RU,1612553024,79,-42.57,63.7553,121.6247,4.29
517,Hvittingfoss,0,NO,1612553026,61,17.01,59.4833,10.0167,3.0
518,Vigrestad,0,NO,1612553027,73,19.99,58.5667,5.7,3.44
519,Ust'-Barguzin,99,RU,1612553028,89,-0.13,53.45,108.9833,1.72
520,Harrismith,73,ZA,1612553029,93,61.5,-28.2728,29.1295,6.29
521,Yankton,1,US,1612552779,63,19.4,42.8711,-97.3973,20.71
522,Half Moon Bay,1,US,1612553032,54,62.01,37.4636,-122.4286,1.88
523,Okha,100,RU,1612553033,89,-7.78,53.5739,142.9478,17.69
524,Manadhoo,81,MV,1612553034,75,81.68,5.7667,73.3833,11.25
525,Ndélé,14,CF,1612553035,17,81.32,8.4109,20.6473,7.31
526,Samaná,20,DO,1612553036,74,86.0,19.2056,-69.3369,11.5
527,Santa María Rayón,1,MX,1612553037,12,78.8,19.1444,-99.5836,5.75
528,Calabar,13,NG,1612553038,69,83.59,4.9517,8.322,5.48
529,Aykhal,56,RU,1612552828,81,-34.6,66.0,111.5,3.36
530,Hauterive,100,FR,1612553041,93,44.6,46.0901,3.4459,2.3
531,Coromandel,100,BR,1612553042,75,79.83,-18.4733,-47.2003,6.35
532,Kangaatsiaq,0,GL,1612552784,82,9.27,68.3065,-53.4641,10.33
533,Sisimiut,55,GL,1612553044,74,12.79,66.9395,-53.6735,11.97
534,Evensk,100,RU,1612553045,92,1.53,61.95,159.2333,16.22
535,Edd,12,ER,1612553046,49,77.7,13.9297,41.6925,6.49
536,Raul Soares,87,BR,1612553049,66,84.67,-20.1022,-42.4519,7.99
537,Verkhnyaya Toyma,100,RU,1612553050,89,-5.69,62.2349,44.9985,7.7
538,Walvis Bay,88,NA,1612553052,82,64.99,-22.9575,14.5053,6.91
539,Kenora,75,CA,1612553053,65,0.0,49.8167,-94.4337,14.97
540,San Andrés,20,CO,1612552798,74,84.2,12.5847,-81.7006,10.36
541,Paraíso,0,CR,1612553055,47,82.4,9.8383,-83.8656,11.5
542,Borgomanero,95,IT,1612553056,95,48.0,45.7024,8.4581,1.1
543,Marystown,100,CA,1612553057,85,36.95,47.1666,-55.1483,16.6
544,Constitución,58,CL,1612553058,66,65.59,-35.3333,-72.4167,5.91
545,Buritis,76,BR,1612553059,57,86.92,-15.6178,-46.4233,5.84
546,Sāveh,100,IR,1612553061,66,52.56,35.0213,50.3566,1.16
547,Dzhebariki-Khaya,100,RU,1612553062,82,-33.9,62.2167,135.8,0.96
548,Pemba,20,MZ,1612552989,83,82.4,-12.974,40.5178,6.91
549,Kidal,67,ML,1612553064,16,76.03,18.4411,1.4078,8.57
550,Katangli,100,RU,1612552780,90,-6.97,51.7102,143.2326,7.87
551,Kamenka,100,RU,1612553066,86,17.01,51.3223,42.7678,14.0
552,Garoowe,2,SO,1612553067,73,67.12,8.4054,48.4845,13.98
553,Sandane,0,NO,1612552875,73,19.4,61.7728,6.215,6.91
554,Klaksvík,20,FO,1612553069,80,32.0,62.2266,-6.589,5.75
555,Cockburn Town,40,TC,1612552936,69,80.6,21.4612,-71.1419,13.8
556,San Jose,1,US,1612553072,44,64.0,37.3394,-121.895,4.61
557,Usinsk,87,RU,1612553008,89,-10.32,65.9939,57.5281,13.49
558,Lyuban',22,BY,1612553074,96,12.07,52.7985,28.0048,8.59
559,Carbonia,0,IT,1612552988,87,57.2,39.1672,8.5222,6.91
560,Cururupu,0,BR,1612553076,58,85.82,-1.8283,-44.8683,7.85
561,Muskegon,90,US,1612553077,73,16.0,43.3,-86.1334,19.57
562,Leh,0,IN,1612553078,60,4.53,34.1667,77.5833,2.26
563,Portlethen,90,GB,1612553079,93,34.0,57.0547,-2.1307,14.97
564,Muhafazat Lahij,0,YE,1612553080,69,68.68,13.1667,44.5833,7.56
565,Fayaoué,2,NC,1612553082,82,79.72,-20.65,166.5333,12.82
566,Teguise,40,ES,1612553083,77,57.2,29.0605,-13.564,9.22
567,St. George's,20,GD,1612552862,61,84.2,12.0564,-61.7485,23.02
568,Catió,91,GW,1612553085,52,78.91,11.2833,-15.25,9.69
569,Clonakilty,75,IE,1612553086,87,41.0,51.6231,-8.8706,9.22
570,Los Llanos de Aridane,20,ES,1612553087,55,60.8,28.6585,-17.9182,20.71
571,Luau,99,AO,1612553088,83,69.03,-10.7073,22.2247,2.04
572,Miramar,40,US,1612553089,36,80.01,25.9873,-80.2323,8.05
573,Churapcha,100,RU,1612553090,80,-36.78,62.0025,132.4325,2.73
574,Blagoyevo,99,RU,1612553092,89,-10.17,63.3667,47.9167,8.59
575,Tezu,32,IN,1612553044,28,62.2,27.9167,96.1667,4.79
576,Dandong,100,CN,1612553094,97,27.46,40.1292,124.3947,2.06
577,El Salvador,20,SV,1612553095,47,89.6,13.8333,-88.9167,8.05
578,Kimbe,66,PG,1612553096,90,75.25,-5.5502,150.1429,2.48
579,Morris,75,US,1612553097,76,44.6,40.8334,-74.5329,6.91
580,Casino,31,AU,1612553098,100,66.2,-28.8667,153.05,3.44
581,Hillsborough,1,US,1612553100,67,62.01,37.5741,-122.3794,3.44
582,Tabas,4,IR,1612553101,20,51.8,33.5959,56.9244,4.61
583,Örnsköldsvik,0,SE,1612552931,86,15.8,63.2909,18.7153,6.91
584,Chimbote,4,PE,1612552953,59,76.46,-9.0853,-78.5783,11.27
585,Lodja,100,CD,1612553105,70,77.45,-3.4833,23.4333,0.47
586,Tavira,40,PT,1612553106,87,55.0,37.1273,-7.6486,11.5
587,Yatou,0,CN,1612553107,84,40.08,37.15,122.3833,12.12
